<application>
  <component name="MaterialThemeConfig">
    <option name="compactDropdowns" value="true" />
    <option name="isCompactMenus" value="true" />
    <option name="isCompactStatusBar" value="true" />
    <option name="isCompactTables" value="true" />
    <option name="isContrastMode" value="true" />
    <option name="isWizardShown" value="true" />
    <option name="indicatorStyle" value="Dot" />
    <option name="highlightThickness" value="1" />
    <option name="tabsHeight" value="30" />
    <option name="accentColor" value="84ffff" />
    <option name="selectedTheme" value="DEEPOCEAN" />
    <option name="userId" value="3fd5d007:16f74b9ffcd:-8000" />
    <option name="version" value="4.11.5" />
  </component>
</application>